"annotation_id","annotator","choice","created_at","id","image","lead_time","updated_at"
1,"1","clear","2026-06-09T09:13:04.267586Z",1,"bbox_1000003.png",32.164,"2026-06-09T09:13:04.267586Z"
2,"1","overcast","2026-06-09T09:13:32.833772Z",2,"bbox_1000004.png",346.18800000000005,"2026-06-09T10:43:27.000420Z"
3,"1","clear","2026-06-09T09:13:38.282326Z",3,"bbox_1000005.png",299.755,"2026-06-09T11:23:51.471838Z"
4,"1","clear","2026-06-09T09:14:22.822893Z",4,"bbox_1000006.png",28.487000000000002,"2026-06-09T11:23:47.394575Z"
5,"1","clear","2026-06-09T09:14:32.086330Z",5,"bbox_1000008.png",6.274,"2026-06-09T09:14:32.086330Z"
6,"1","cloudy","2026-06-09T09:14:54.326843Z",6,"bbox_1000010.png",5.956,"2026-06-09T09:14:54.326843Z"
7,"1","cloudy","2026-06-09T10:48:45.449097Z",7,"bbox_1000011.png",4.839,"2026-06-09T10:48:45.449097Z"
8,"1","cloudy","2026-06-09T10:48:52.923498Z",8,"bbox_1000012.png",6.158,"2026-06-09T10:48:52.923498Z"
9,"1","cloudy","2026-06-09T10:48:59.384824Z",9,"bbox_1000014.png",2.646,"2026-06-09T10:48:59.384824Z"
10,"1","cloudy","2026-06-09T10:49:04.220499Z",10,"bbox_1000015.png",2.798,"2026-06-09T10:49:04.220499Z"
11,"1","cloudy","2026-06-09T10:49:08.848081Z",11,"bbox_1000017.png",2.48,"2026-06-09T10:49:08.848081Z"
12,"1","cloudy","2026-06-09T10:49:14.810710Z",12,"bbox_1000018.png",2.899,"2026-06-09T10:49:14.810710Z"
13,"1","cloudy","2026-06-09T10:49:20.507826Z",13,"bbox_1000019.png",2.758,"2026-06-09T10:49:20.507826Z"
14,"1","{""choices"":[""overcast"",""fog"",""snow""]}","2026-06-09T10:49:52.186792Z",14,"bbox_1000021.png",38.966,"2026-06-09T11:05:02.383751Z"
15,"1","cloudy","2026-06-09T10:49:59.218284Z",15,"bbox_1000023.png",5.24,"2026-06-09T10:49:59.218284Z"
16,"1","clear","2026-06-09T10:50:06.090356Z",16,"bbox_1000025.png",5.289,"2026-06-09T10:50:06.090356Z"
17,"1","{""choices"":[""cloudy"",""snow""]}","2026-06-09T10:50:33.211918Z",17,"bbox_1000026.png",35.905,"2026-06-09T11:05:19.392794Z"
18,"1","clear","2026-06-09T10:50:38.331970Z",18,"bbox_1000033.png",3.238,"2026-06-09T10:50:38.331970Z"
19,"1","clear","2026-06-09T10:50:43.143266Z",19,"bbox_1000037.png",7.928,"2026-06-09T11:27:43.843066Z"
20,"1","cloudy","2026-06-09T10:50:48.257814Z",20,"bbox_1000040.png",3.483,"2026-06-09T10:50:48.257814Z"
21,"1","clear","2026-06-09T10:50:53.435340Z",21,"bbox_1000042.png",15.562,"2026-06-09T11:28:02.662838Z"
22,"1","cloudy","2026-06-09T10:50:57.559384Z",22,"bbox_1000043.png",2.563,"2026-06-09T10:50:57.559384Z"
23,"1","cloudy","2026-06-09T10:51:06.227948Z",23,"bbox_1000045.png",2.523,"2026-06-09T10:51:06.227948Z"
24,"1","cloudy","2026-06-09T10:51:10.857326Z",24,"bbox_1000046.png",2.684,"2026-06-09T10:51:10.857326Z"
25,"1","cloudy","2026-06-09T10:51:14.501981Z",25,"bbox_1000048.png",2.141,"2026-06-09T10:51:14.501981Z"
26,"1","cloudy","2026-06-09T10:51:18.061106Z",26,"bbox_1000049.png",1.87,"2026-06-09T10:51:18.061106Z"
27,"1","clear","2026-06-09T10:51:25.039400Z",27,"bbox_1000050.png",9.773,"2026-06-09T11:28:18.044329Z"
28,"1","cloudy","2026-06-09T10:51:39.321760Z",28,"bbox_1000053.png",11.396,"2026-06-09T10:51:39.321760Z"
29,"1","cloudy","2026-06-09T10:51:43.524549Z",29,"bbox_1000056.png",2.336,"2026-06-09T10:51:43.524549Z"
30,"1","clear","2026-06-09T10:51:47.620368Z",30,"bbox_1000059.png",6.878,"2026-06-09T11:28:30.315572Z"
31,"1","overcast","2026-06-09T10:51:59.098190Z",31,"bbox_1000060.png",4.988,"2026-06-09T10:51:59.098190Z"
32,"1","{""choices"":[""cloudy"",""snow""]}","2026-06-09T10:52:06.568855Z",32,"bbox_1000061.png",12.095,"2026-06-09T11:05:41.099072Z"
33,"1","rain","2026-06-09T10:52:15.576888Z",33,"bbox_1000063.png",5.381,"2026-06-09T10:52:15.576888Z"
34,"1","{""choices"":[""overcast"",""fog""]}","2026-06-09T10:52:39.219113Z",34,"bbox_1000064.png",282.033,"2026-06-09T11:10:10.519603Z"
35,"1","clear","2026-06-09T10:52:44.608889Z",35,"bbox_1000068.png",5.606,"2026-06-09T11:28:50.539341Z"
36,"1","clear","2026-06-09T10:52:48.982502Z",36,"bbox_1000072.png",5.76,"2026-06-09T11:28:56.544784Z"
37,"1","cloudy","2026-06-09T10:52:53.004443Z",37,"bbox_1000078.png",2.363,"2026-06-09T10:52:53.004443Z"
38,"1","cloudy","2026-06-09T10:52:57.035854Z",38,"bbox_1000085.png",1.95,"2026-06-09T10:52:57.035854Z"
39,"1","{""choices"":[""overcast"",""fog"",""snow""]}","2026-06-09T10:53:06.176274Z",39,"bbox_1000087.png",14.948,"2026-06-09T11:10:29.807798Z"
40,"1","cloudy","2026-06-09T10:53:14.607644Z",40,"bbox_1000088.png",6.958,"2026-06-09T10:53:14.607644Z"
41,"1","cloudy","2026-06-09T10:53:19.763293Z",41,"bbox_1000089.png",3.322,"2026-06-09T10:53:19.763293Z"
42,"1","cloudy","2026-06-09T10:53:26.425145Z",42,"bbox_1000094.png",4.348,"2026-06-09T10:53:26.425145Z"
43,"1","overcast","2026-06-09T10:53:32.307180Z",43,"bbox_1000095.png",4.323,"2026-06-09T10:53:32.307180Z"
44,"1","cloudy","2026-06-09T10:53:37.607913Z",44,"bbox_1000096.png",3.13,"2026-06-09T10:53:37.607913Z"
45,"1","clear","2026-06-09T10:53:41.670772Z",45,"bbox_1000097.png",11.7,"2026-06-09T11:29:27.561855Z"
46,"1","cloudy","2026-06-09T10:53:45.513631Z",46,"bbox_1000101.png",2.03,"2026-06-09T10:53:45.513631Z"
47,"1","overcast","2026-06-09T10:54:02.980384Z",47,"bbox_1000105.png",14.093,"2026-06-09T10:54:02.980384Z"
48,"1","clear","2026-06-09T10:54:08.097165Z",48,"bbox_1000106.png",7.814,"2026-06-09T11:29:43.315178Z"
49,"1","clear","2026-06-09T10:54:12.567662Z",49,"bbox_1000107.png",2.803,"2026-06-09T10:54:12.567662Z"
50,"1","cloudy","2026-06-09T10:54:17.488629Z",50,"bbox_1000108.png",3.566,"2026-06-09T10:54:17.488629Z"
51,"1","cloudy","2026-06-09T10:54:23.475091Z",51,"bbox_1000110.png",2.492,"2026-06-09T10:54:23.475091Z"
52,"1","cloudy","2026-06-09T10:54:28.509797Z",52,"bbox_1000113.png",3.676,"2026-06-09T10:54:28.509797Z"
53,"1","cloudy","2026-06-09T10:54:35.158161Z",53,"bbox_1000115.png",4.322,"2026-06-09T10:54:35.158161Z"
54,"1","clear","2026-06-09T10:54:40.699060Z",54,"bbox_1000116.png",10.013,"2026-06-09T11:29:59.375181Z"
55,"1","clear","2026-06-09T10:54:46.590797Z",55,"bbox_1000120.png",6.3740000000000006,"2026-06-09T11:30:05.069634Z"
56,"1","cloudy","2026-06-09T10:54:52.411578Z",56,"bbox_1000123.png",3.283,"2026-06-09T10:54:52.411578Z"
57,"1","cloudy","2026-06-09T10:54:57.450851Z",57,"bbox_1000131.png",2.815,"2026-06-09T10:54:57.450851Z"
58,"1","cloudy","2026-06-09T10:55:02.341686Z",58,"bbox_1000132.png",3.004,"2026-06-09T10:55:02.341686Z"
59,"1","cloudy","2026-06-09T10:55:08.871932Z",59,"bbox_1000136.png",4.748,"2026-06-09T10:55:08.871932Z"
60,"1","cloudy","2026-06-09T10:55:19.962620Z",60,"bbox_1000137.png",8.402,"2026-06-09T10:55:19.962620Z"
61,"1","clear","2026-06-09T10:55:27.721834Z",61,"bbox_1000139.png",6.378,"2026-06-09T10:55:27.721834Z"
62,"1","cloudy","2026-06-09T10:55:32.638775Z",62,"bbox_1000146.png",3.436,"2026-06-09T10:55:32.638775Z"
63,"1","clear","2026-06-09T10:55:38.030415Z",63,"bbox_1000152.png",3.18,"2026-06-09T10:55:38.030415Z"
64,"1","cloudy","2026-06-09T10:55:42.882418Z",64,"bbox_1000154.png",3.036,"2026-06-09T10:55:42.882418Z"
65,"1","clear","2026-06-09T10:55:49.004571Z",65,"bbox_1000156.png",2.89,"2026-06-09T10:55:49.004571Z"
66,"1","cloudy","2026-06-09T10:55:53.040538Z",66,"bbox_1000158.png",2.39,"2026-06-09T10:55:53.040538Z"
67,"1","cloudy","2026-06-09T10:55:57.199171Z",67,"bbox_1000162.png",2.614,"2026-06-09T10:55:57.199171Z"
68,"1","cloudy","2026-06-09T10:56:01.871107Z",68,"bbox_1000166.png",3.022,"2026-06-09T10:56:01.871107Z"
69,"1","{""choices"":[""overcast"",""rain""]}","2026-06-09T10:56:09.828025Z",69,"bbox_1000168.png",11.216999999999999,"2026-06-09T11:30:45.789935Z"
70,"1","cloudy","2026-06-09T10:56:17.044534Z",70,"bbox_1000171.png",5.406,"2026-06-09T10:56:17.044534Z"
71,"1","clear","2026-06-09T10:56:30.205272Z",71,"bbox_1000174.png",11.434,"2026-06-09T10:56:30.205272Z"
72,"1","cloudy","2026-06-09T10:56:34.653006Z",72,"bbox_1000176.png",2.666,"2026-06-09T10:56:34.653006Z"
73,"1","clear","2026-06-09T10:56:39.478896Z",73,"bbox_1000183.png",13.654,"2026-06-09T11:31:19.886687Z"
74,"1","cloudy","2026-06-09T10:56:56.477590Z",74,"bbox_1000185.png",15.036,"2026-06-09T10:56:56.477590Z"
75,"1","cloudy","2026-06-09T10:57:01.807500Z",75,"bbox_1000188.png",3.371,"2026-06-09T10:57:01.807500Z"
76,"1","cloudy","2026-06-09T10:57:48.289115Z",76,"bbox_1000189.png",43.698,"2026-06-09T10:57:48.289115Z"
77,"1","cloudy","2026-06-09T10:57:53.619871Z",77,"bbox_1000194.png",2.663,"2026-06-09T10:57:53.619871Z"
78,"1","clear","2026-06-09T10:58:00.964330Z",78,"bbox_1000197.png",8.731,"2026-06-09T11:33:31.552110Z"
79,"1","rain","2026-06-09T10:58:06.429274Z",79,"bbox_1000202.png",3.973,"2026-06-09T10:58:06.429274Z"
80,"1","overcast","2026-06-09T10:58:12.876292Z",80,"bbox_1000209.png",4.882,"2026-06-09T10:58:12.876292Z"
81,"1","cloudy","2026-06-09T10:58:17.428390Z",81,"bbox_1000212.png",2.44,"2026-06-09T10:58:17.428390Z"
82,"1","cloudy","2026-06-09T10:58:22.457893Z",82,"bbox_1000215.png",3.381,"2026-06-09T10:58:22.457893Z"
84,"1","{""choices"":[""overcast"",""fog""]}","2026-06-09T11:11:27.499662Z",83,"bbox_1000226.png",158.37300000000002,"2026-06-09T11:11:27.499662Z"
85,"1","{""choices"":[""overcast"",""snow""]}","2026-06-09T11:11:43.575596Z",84,"bbox_1000233.png",13.261,"2026-06-09T11:11:43.575596Z"
86,"1","cloudy","2026-06-09T11:11:49.541345Z",85,"bbox_1000234.png",4.254,"2026-06-09T11:11:49.541345Z"
87,"1","cloudy","2026-06-09T11:11:54.769655Z",86,"bbox_1000235.png",3.402,"2026-06-09T11:11:54.769655Z"
88,"1","{""choices"":[""cloudy"",""fog""]}","2026-06-09T11:12:09.045491Z",87,"bbox_1000237.png",12.014,"2026-06-09T11:12:09.045491Z"
89,"1","{""choices"":[""cloudy"",""fog""]}","2026-06-09T11:12:36.892283Z",88,"bbox_1000240.png",25.846,"2026-06-09T11:12:36.892283Z"
90,"1","clear","2026-06-09T11:12:42.996518Z",89,"bbox_1000251.png",8.27,"2026-06-09T11:34:06.215036Z"
91,"1","clear","2026-06-09T11:12:47.593135Z",90,"bbox_1000259.png",9.173,"2026-06-09T11:34:14.585322Z"
92,"1","clear","2026-06-09T11:12:53.979509Z",91,"bbox_1000266.png",8.047,"2026-06-09T11:34:22.460174Z"
93,"1","overcast","2026-06-09T11:13:04.561327Z",92,"bbox_1000271.png",7.644,"2026-06-09T11:13:04.561327Z"
94,"1","cloudy","2026-06-09T11:13:09.410936Z",93,"bbox_1000297.png",2.609,"2026-06-09T11:13:09.410936Z"
95,"1","cloudy","2026-06-09T11:13:13.382404Z",94,"bbox_1000301.png",2.054,"2026-06-09T11:13:13.382404Z"
96,"1","overcast","2026-06-09T11:13:21.107908Z",95,"bbox_1000303.png",5.331,"2026-06-09T11:13:21.107908Z"
97,"1","cloudy","2026-06-09T11:13:26.102136Z",96,"bbox_1000305.png",3.338,"2026-06-09T11:13:26.102136Z"
98,"1","{""choices"":[""overcast"",""rain"",""fog""]}","2026-06-09T11:13:42.412754Z",97,"bbox_1000306.png",14.031,"2026-06-09T11:13:42.412754Z"
99,"1","cloudy","2026-06-09T11:13:48.902841Z",98,"bbox_1000321.png",4.413,"2026-06-09T11:13:48.902841Z"
100,"1","cloudy","2026-06-09T11:14:05.905139Z",99,"bbox_1000325.png",14.949,"2026-06-09T11:14:05.905139Z"
101,"1","cloudy","2026-06-09T11:14:56.201982Z",100,"bbox_1000326.png",9.938,"2026-06-09T11:14:56.201982Z"
102,"1","overcast","2026-06-09T11:15:01.247424Z",101,"bbox_1000337.png",3.212,"2026-06-09T11:15:01.247424Z"
103,"1","cloudy","2026-06-09T11:15:05.670142Z",102,"bbox_1000339.png",2.347,"2026-06-09T11:15:05.670142Z"
104,"1","{""choices"":[""cloudy"",""fog""]}","2026-06-09T11:15:13.171892Z",103,"bbox_1000341.png",5.257,"2026-06-09T11:15:13.171892Z"
105,"1","overcast","2026-06-09T11:15:19.841099Z",104,"bbox_1000342.png",4.969,"2026-06-09T11:15:19.841099Z"
106,"1","cloudy","2026-06-09T11:16:14.677484Z",105,"bbox_1000373.png",53.018,"2026-06-09T11:16:14.677484Z"
107,"1","{""choices"":[""overcast"",""rain""]}","2026-06-09T11:16:26.415936Z",106,"bbox_1000375.png",9.762,"2026-06-09T11:16:26.415936Z"
108,"1","cloudy","2026-06-09T11:16:31.731951Z",107,"bbox_1000379.png",3.6,"2026-06-09T11:16:31.731951Z"
109,"1","clear","2026-06-09T11:16:41.895469Z",108,"bbox_1000381.png",10.833,"2026-06-09T11:35:11.387941Z"
110,"1","cloudy","2026-06-09T11:16:50.870832Z",109,"bbox_1000385.png",2.833,"2026-06-09T11:16:50.870832Z"
111,"1","cloudy","2026-06-09T11:16:55.631826Z",110,"bbox_1000388.png",2.579,"2026-06-09T11:16:55.631826Z"
112,"1","cloudy","2026-06-09T11:17:00.837979Z",111,"bbox_1000392.png",2.956,"2026-06-09T11:17:00.837979Z"
113,"1","clear","2026-06-09T11:17:08.852077Z",112,"bbox_1000398.png",8.253,"2026-06-09T11:35:29.967884Z"
114,"1","cloudy","2026-06-09T11:17:16.989917Z",113,"bbox_1000404.png",3.475,"2026-06-09T11:17:16.989917Z"
115,"1","cloudy","2026-06-09T11:17:21.584313Z",114,"bbox_1000406.png",1.953,"2026-06-09T11:17:21.584313Z"
116,"1","clear","2026-06-09T11:35:43.028028Z",115,"bbox_1000415.png",3.524,"2026-06-09T11:35:43.028028Z"
117,"1","cloudy","2026-06-09T11:35:48.341271Z",116,"bbox_1000424.png",3.534,"2026-06-09T11:35:48.341271Z"
118,"1","cloudy","2026-06-09T11:35:52.392050Z",117,"bbox_1000426.png",2.561,"2026-06-09T11:35:52.392050Z"
119,"1","cloudy","2026-06-09T11:35:56.809117Z",118,"bbox_1000427.png",3.019,"2026-06-09T11:35:56.809117Z"
120,"1","cloudy","2026-06-09T11:36:00.867533Z",119,"bbox_1000431.png",2.397,"2026-06-09T11:36:00.867533Z"
121,"1","clear","2026-06-09T11:36:06.377553Z",120,"bbox_1000432.png",3.648,"2026-06-09T11:36:06.377553Z"
122,"1","cloudy","2026-06-09T11:36:10.720683Z",121,"bbox_1000434.png",2.57,"2026-06-09T11:36:10.720683Z"
123,"1","cloudy","2026-06-09T11:36:17.772789Z",122,"bbox_1000437.png",4.107,"2026-06-09T11:36:17.772789Z"
124,"1","clear","2026-06-09T11:36:23.874312Z",123,"bbox_1000442.png",3.007,"2026-06-09T11:36:23.874312Z"
125,"1","overcast","2026-06-09T11:36:29.561972Z",124,"bbox_1000445.png",4.213,"2026-06-09T11:36:29.561972Z"
126,"1","cloudy","2026-06-09T11:36:34.736560Z",125,"bbox_1000456.png",2.598,"2026-06-09T11:36:34.736560Z"
127,"1","cloudy","2026-06-09T11:36:46.880833Z",126,"bbox_1000461.png",10.289,"2026-06-09T11:36:46.880833Z"
128,"1","cloudy","2026-06-09T11:36:57.903768Z",127,"bbox_1000486.png",8.678,"2026-06-09T11:36:57.903768Z"
129,"1","cloudy","2026-06-09T11:37:02.920993Z",128,"bbox_1000500.png",2.741,"2026-06-09T11:37:02.920993Z"
130,"1","cloudy","2026-06-09T11:37:08.161553Z",129,"bbox_1000522.png",3.762,"2026-06-09T11:37:08.161553Z"
131,"1","overcast","2026-06-09T11:37:14.556469Z",130,"bbox_1000544.png",4.898,"2026-06-09T11:37:14.556469Z"
132,"1","cloudy","2026-06-09T11:37:20.202417Z",131,"bbox_1000549.png",3.834,"2026-06-09T11:37:20.202417Z"
133,"1","clear","2026-06-09T11:37:44.330038Z",132,"bbox_1000550.png",21.703,"2026-06-09T11:37:44.330038Z"
134,"1","cloudy","2026-06-09T11:38:12.437319Z",133,"bbox_1000556.png",25.128,"2026-06-09T11:38:12.437319Z"
135,"1","cloudy","2026-06-09T11:39:09.962435Z",134,"bbox_1000559.png",41.234,"2026-06-09T11:39:09.963435Z"
136,"1","cloudy","2026-06-09T11:39:12.713337Z",135,"bbox_1000570.png",5.3870000000000005,"2026-06-09T11:39:12.713337Z"
137,"1","cloudy","2026-06-09T11:39:16.739125Z",136,"bbox_1000599.png",2.567,"2026-06-09T11:39:16.739125Z"
138,"1","cloudy","2026-06-09T11:39:21.081334Z",137,"bbox_1000617.png",2.517,"2026-06-09T11:39:21.081334Z"
139,"1","cloudy","2026-06-09T11:39:24.885237Z",138,"bbox_1000644.png",2.129,"2026-06-09T11:39:24.885237Z"
140,"1","clear","2026-06-09T11:39:30.075521Z",139,"bbox_1000647.png",3.094,"2026-06-09T11:39:30.075521Z"
141,"1","cloudy","2026-06-09T11:39:34.232748Z",140,"bbox_1000657.png",2.166,"2026-06-09T11:39:34.232748Z"
142,"1","cloudy","2026-06-09T11:39:40.091528Z",141,"bbox_1000687.png",3.244,"2026-06-09T11:39:40.091528Z"
143,"1","cloudy","2026-06-09T11:39:53.027763Z",142,"bbox_1000702.png",10.349,"2026-06-09T11:39:53.027763Z"
144,"1","cloudy","2026-06-09T11:39:56.643512Z",143,"bbox_1000711.png",1.862,"2026-06-09T11:39:56.644511Z"
145,"1","cloudy","2026-06-09T11:40:05.153273Z",144,"bbox_1000713.png",5.306,"2026-06-09T11:40:05.154274Z"
146,"1","cloudy","2026-06-09T11:40:21.136822Z",145,"bbox_1000725.png",14.004,"2026-06-09T11:40:21.136822Z"
147,"1","clear","2026-06-09T11:40:28.498030Z",146,"bbox_1000763.png",5.368,"2026-06-09T11:40:28.499032Z"
148,"1","clear","2026-06-09T11:41:05.561297Z",147,"bbox_1000774.png",35.501,"2026-06-09T11:41:05.561297Z"
149,"1","clear","2026-06-09T11:41:26.303093Z",148,"bbox_1000811.png",9.25,"2026-06-09T11:41:26.303093Z"
150,"1","cloudy","2026-06-09T11:41:31.468577Z",149,"bbox_1000812.png",2.425,"2026-06-09T11:41:31.468577Z"
151,"1","cloudy","2026-06-09T11:41:53.195640Z",150,"bbox_1000860.png",19.948,"2026-06-09T11:41:53.195640Z"
152,"1","cloudy","2026-06-09T11:42:06.228205Z",151,"bbox_1000865.png",10.501,"2026-06-09T11:42:06.228205Z"
153,"1","cloudy","2026-06-09T11:42:11.766175Z",152,"bbox_1000903.png",4.155,"2026-06-09T11:42:11.766175Z"
154,"1","cloudy","2026-06-09T11:42:15.350677Z",153,"bbox_1000909.png",1.94,"2026-06-09T11:42:15.351668Z"
155,"1","overcast","2026-06-09T11:42:22.016209Z",154,"bbox_1000915.png",4.8,"2026-06-09T11:42:22.016209Z"
156,"1","cloudy","2026-06-09T11:42:28.936206Z",155,"bbox_1000939.png",3.657,"2026-06-09T11:42:28.936206Z"
157,"1","cloudy","2026-06-09T11:42:36.457247Z",156,"bbox_1000965.png",3.611,"2026-06-09T11:42:36.458249Z"
158,"1","cloudy","2026-06-09T11:42:42.754685Z",157,"bbox_1000966.png",4.387,"2026-06-09T11:42:42.754685Z"
159,"1","clear","2026-06-09T11:42:48.554090Z",158,"bbox_1000970.png",2.963,"2026-06-09T11:42:48.554090Z"
160,"1","clear","2026-06-09T11:43:03.137708Z",159,"bbox_1001040.png",12.571,"2026-06-09T11:43:03.137708Z"
161,"1","overcast","2026-06-09T11:43:09.716030Z",160,"bbox_1001043.png",5.109,"2026-06-09T11:43:09.716030Z"
162,"1","clear","2026-06-09T11:43:14.236713Z",161,"bbox_1001082.png",2.549,"2026-06-09T11:43:14.236713Z"
163,"1","{""choices"":[""overcast"",""fog""]}","2026-06-09T11:43:22.886621Z",162,"bbox_1001127.png",6.897,"2026-06-09T11:43:22.886621Z"
164,"1","cloudy","2026-06-09T11:43:31.222391Z",163,"bbox_1001145.png",6.129,"2026-06-09T11:43:31.222391Z"
165,"1","cloudy","2026-06-09T11:43:36.262037Z",164,"bbox_1001146.png",3.231,"2026-06-09T11:43:36.262037Z"
166,"1","cloudy","2026-06-09T11:43:45.807317Z",165,"bbox_1001148.png",3.941,"2026-06-09T11:43:45.807317Z"
167,"1","cloudy","2026-06-09T11:43:53.494886Z",166,"bbox_1001153.png",5.616,"2026-06-09T11:43:53.494886Z"
168,"1","clear","2026-06-09T11:43:59.275557Z",167,"bbox_1001189.png",3.716,"2026-06-09T11:43:59.275557Z"
169,"1","clear","2026-06-09T11:44:04.080120Z",168,"bbox_1001244.png",2.261,"2026-06-09T11:44:04.080120Z"
170,"1","clear","2026-06-09T11:44:10.453042Z",169,"bbox_1001274.png",4.455,"2026-06-09T11:44:10.453564Z"
171,"1","cloudy","2026-06-09T11:44:15.165537Z",170,"bbox_1001324.png",2.33,"2026-06-09T11:44:15.166546Z"
172,"1","cloudy","2026-06-09T11:44:19.448261Z",171,"bbox_1001327.png",2.515,"2026-06-09T11:44:19.448261Z"
173,"1","{""choices"":[""cloudy"",""snow""]}","2026-06-09T11:44:29.405459Z",172,"bbox_1001368.png",8.196,"2026-06-09T11:44:29.405459Z"
174,"1","cloudy","2026-06-09T11:44:35.780665Z",173,"bbox_1001442.png",3.46,"2026-06-09T11:44:35.780665Z"
175,"1","{""choices"":[""overcast"",""fog""]}","2026-06-09T11:45:05.948602Z",174,"bbox_1001476.png",27.299,"2026-06-09T11:45:05.948602Z"
176,"1","cloudy","2026-06-09T11:45:15.888810Z",175,"bbox_1001506.png",7.658,"2026-06-09T11:45:15.888810Z"
177,"1","cloudy","2026-06-09T11:45:29.092246Z",176,"bbox_1001525.png",9.575,"2026-06-09T11:45:29.092246Z"
178,"1","clear","2026-06-09T11:56:29.005038Z",177,"bbox_1001560.png",11.413,"2026-06-09T11:56:29.005038Z"
179,"1","clear","2026-06-09T11:56:34.911487Z",178,"bbox_1001608.png",3.369,"2026-06-09T11:56:34.911487Z"
180,"1","{""choices"":[""overcast"",""fog""]}","2026-06-09T11:56:56.172311Z",179,"bbox_1001626.png",18.763,"2026-06-09T11:56:56.172311Z"
181,"1","cloudy","2026-06-09T11:57:03.959555Z",180,"bbox_1001667.png",5.859,"2026-06-09T11:57:03.959555Z"
182,"1","cloudy","2026-06-09T11:57:09.820001Z",181,"bbox_1001677.png",3.768,"2026-06-09T11:57:09.820001Z"
183,"1","cloudy","2026-06-09T11:57:16.537303Z",182,"bbox_1001711.png",4.943,"2026-06-09T11:57:16.537303Z"
184,"1","cloudy","2026-06-09T11:57:21.238277Z",183,"bbox_1001735.png",1.828,"2026-06-09T11:57:21.238277Z"
185,"1","cloudy","2026-06-09T11:57:25.925618Z",184,"bbox_1001743.png",2.258,"2026-06-09T11:57:25.925618Z"
186,"1","cloudy","2026-06-09T11:57:30.666047Z",185,"bbox_1001759.png",1.907,"2026-06-09T11:57:30.666047Z"
187,"1","cloudy","2026-06-09T11:57:35.431522Z",186,"bbox_1001774.png",2.321,"2026-06-09T11:57:35.431522Z"
188,"1","clear","2026-06-09T11:57:40.503821Z",187,"bbox_1001783.png",2.929,"2026-06-09T11:57:40.503821Z"
189,"1","clear","2026-06-09T11:57:45.279467Z",188,"bbox_1001788.png",2.698,"2026-06-09T11:57:45.279467Z"
190,"1","cloudy","2026-06-09T11:57:51.291786Z",189,"bbox_1001816.png",4.182,"2026-06-09T11:57:51.291786Z"
191,"1","clear","2026-06-09T11:57:54.435096Z",190,"bbox_1001851.png",1.724,"2026-06-09T11:57:54.435096Z"
192,"1","cloudy","2026-06-09T11:57:58.893587Z",191,"bbox_1001860.png",2.458,"2026-06-09T11:57:58.893587Z"
193,"1","clear","2026-06-09T11:58:03.440956Z",192,"bbox_1001899.png",2.054,"2026-06-09T11:58:03.440956Z"
194,"1","cloudy","2026-06-09T11:58:07.973190Z",193,"bbox_1001937.png",2.797,"2026-06-09T11:58:07.973190Z"
195,"1","cloudy","2026-06-09T11:58:13.634150Z",194,"bbox_1002001.png",2.921,"2026-06-09T11:58:13.634150Z"
196,"1","cloudy","2026-06-09T11:58:19.649650Z",195,"bbox_1002033.png",3.143,"2026-06-09T11:58:19.649650Z"
197,"1","cloudy","2026-06-09T11:58:25.134196Z",196,"bbox_1002059.png",2.3,"2026-06-09T11:58:25.134196Z"
198,"1","{""choices"":[""overcast"",""fog""]}","2026-06-09T11:58:33.759254Z",197,"bbox_1002139.png",6.498,"2026-06-09T11:58:33.759254Z"
199,"1","cloudy","2026-06-09T11:58:37.989579Z",198,"bbox_1002154.png",2.611,"2026-06-09T11:58:37.989579Z"
200,"1","cloudy","2026-06-09T11:58:42.123502Z",199,"bbox_1002159.png",2.38,"2026-06-09T11:58:42.123502Z"
201,"1","cloudy","2026-06-09T11:58:49.640586Z",200,"bbox_1002193.png",5.052,"2026-06-09T11:58:49.640586Z"
202,"1","clear","2026-06-09T11:58:54.917395Z",201,"bbox_1002196.png",3.832,"2026-06-09T11:58:54.917395Z"
203,"1","cloudy","2026-06-09T11:59:00.468263Z",202,"bbox_1002227.png",3.776,"2026-06-09T11:59:00.468263Z"
204,"1","cloudy","2026-06-09T11:59:05.259199Z",203,"bbox_1002232.png",1.977,"2026-06-09T11:59:05.259199Z"
205,"1","cloudy","2026-06-09T11:59:11.131935Z",204,"bbox_1002255.png",3.649,"2026-06-09T11:59:11.131935Z"
206,"1","cloudy","2026-06-09T11:59:17.598209Z",205,"bbox_1002259.png",3.403,"2026-06-09T11:59:17.598209Z"
207,"1","cloudy","2026-06-09T11:59:32.745729Z",206,"bbox_1002293.png",12.837,"2026-06-09T11:59:32.745729Z"
208,"1","cloudy","2026-06-09T11:59:38.410635Z",207,"bbox_1002312.png",3.198,"2026-06-09T11:59:38.410635Z"
209,"1","cloudy","2026-06-09T11:59:42.076609Z",208,"bbox_1002317.png",1.932,"2026-06-09T11:59:42.076609Z"
210,"1","cloudy","2026-06-09T11:59:46.670250Z",209,"bbox_1002335.png",2.425,"2026-06-09T11:59:46.670250Z"
211,"1","cloudy","2026-06-09T11:59:50.358826Z",210,"bbox_1002385.png",2.162,"2026-06-09T11:59:50.358826Z"
212,"1","cloudy","2026-06-09T11:59:55.389834Z",211,"bbox_1002453.png",2.691,"2026-06-09T11:59:55.389834Z"
213,"1","cloudy","2026-06-09T11:59:59.777659Z",212,"bbox_1002492.png",2.538,"2026-06-09T11:59:59.777659Z"
214,"1","{""choices"":[""cloudy"",""fog""]}","2026-06-09T12:00:12.508484Z",213,"bbox_1002494.png",10.958,"2026-06-09T12:00:12.508484Z"
215,"1","cloudy","2026-06-09T12:00:18.028982Z",214,"bbox_1002499.png",3.955,"2026-06-09T12:00:18.029974Z"
216,"1","cloudy","2026-06-09T12:00:22.336904Z",215,"bbox_1002527.png",2.498,"2026-06-09T12:00:22.336904Z"
217,"1","cloudy","2026-06-09T12:00:26.672626Z",216,"bbox_1002533.png",2.586,"2026-06-09T12:00:26.672626Z"
218,"1","clear","2026-06-09T12:00:32.384825Z",217,"bbox_1002543.png",8.146,"2026-06-09T12:00:38.831711Z"
219,"1","cloudy","2026-06-09T12:00:45.200320Z",218,"bbox_1002560.png",2.908,"2026-06-09T12:00:45.201300Z"
220,"1","cloudy","2026-06-09T12:00:50.177303Z",219,"bbox_1002661.png",3.031,"2026-06-09T12:00:50.177303Z"
221,"1","cloudy","2026-06-09T12:00:54.517177Z",220,"bbox_1002869.png",2.034,"2026-06-09T12:00:54.517177Z"
222,"1","{""choices"":[""cloudy"",""fog""]}","2026-06-09T12:01:03.271797Z",221,"bbox_1002880.png",6.583,"2026-06-09T12:01:03.271797Z"
223,"1","cloudy","2026-06-09T12:01:13.286484Z",222,"bbox_1002929.png",7.353,"2026-06-09T12:01:13.286484Z"
224,"1","clear","2026-06-09T12:01:17.845044Z",223,"bbox_1003009.png",2.699,"2026-06-09T12:01:17.845044Z"
225,"1","cloudy","2026-06-09T12:01:22.747687Z",224,"bbox_1003029.png",2.334,"2026-06-09T12:01:22.747687Z"
226,"1","cloudy","2026-06-09T12:01:28.626248Z",225,"bbox_1003038.png",3.969,"2026-06-09T12:01:28.626248Z"
227,"1","cloudy","2026-06-09T12:01:35.905590Z",226,"bbox_1003117.png",3.81,"2026-06-09T12:01:35.905590Z"
228,"1","cloudy","2026-06-09T12:01:53.198957Z",227,"bbox_1003177.png",14.98,"2026-06-09T12:01:53.198957Z"
229,"1","cloudy","2026-06-09T12:01:58.085734Z",228,"bbox_1003285.png",2.946,"2026-06-09T12:01:58.085734Z"
230,"1","cloudy","2026-06-09T12:02:03.363679Z",229,"bbox_1003346.png",3.286,"2026-06-09T12:02:03.363679Z"
231,"1","clear","2026-06-09T12:02:10.504325Z",230,"bbox_1003353.png",4.373,"2026-06-09T12:02:10.504325Z"
232,"1","clear","2026-06-09T12:02:16.898305Z",231,"bbox_1003437.png",3.694,"2026-06-09T12:02:16.898305Z"
233,"1","cloudy","2026-06-09T12:02:26.077823Z",232,"bbox_1003440.png",7.227,"2026-06-09T12:02:26.077823Z"
234,"1","cloudy","2026-06-09T12:02:31.408929Z",233,"bbox_1003481.png",3.275,"2026-06-09T12:02:31.408929Z"
235,"1","cloudy","2026-06-09T12:02:38.615419Z",234,"bbox_1003486.png",4.438,"2026-06-09T12:02:38.615419Z"
236,"1","cloudy","2026-06-09T12:11:19.187105Z",235,"bbox_1003547.png",11.092,"2026-06-09T12:11:19.187105Z"
238,"1","cloudy","2026-06-09T12:11:32.823147Z",236,"bbox_1003574.png",3.314,"2026-06-09T12:11:32.823655Z"
239,"1","cloudy","2026-06-09T12:11:36.799603Z",237,"bbox_1003629.png",2.217,"2026-06-09T12:11:36.799603Z"
240,"1","cloudy","2026-06-09T12:11:45.282382Z",238,"bbox_1003631.png",4.876,"2026-06-09T12:11:45.282382Z"
241,"1","clear","2026-06-09T12:11:53.292421Z",239,"bbox_1003783.png",5.765,"2026-06-09T12:11:53.292421Z"
242,"1","cloudy","2026-06-09T12:12:00.191862Z",240,"bbox_1003818.png",5.27,"2026-06-09T12:12:00.191862Z"
243,"1","cloudy","2026-06-09T12:12:06.642571Z",241,"bbox_1003836.png",2.63,"2026-06-09T12:12:06.642571Z"
244,"1","clear","2026-06-09T12:12:11.141919Z",242,"bbox_1003876.png",2.137,"2026-06-09T12:12:11.141919Z"
245,"1","cloudy","2026-06-09T12:12:16.231509Z",243,"bbox_1004020.png",2.167,"2026-06-09T12:12:16.231509Z"
246,"1","cloudy","2026-06-09T13:29:10.166595Z",244,"bbox_1004195.png",4610.856,"2026-06-09T13:29:10.166595Z"
247,"1","cloudy","2026-06-09T13:29:15.296441Z",245,"bbox_1004211.png",3.438,"2026-06-09T13:29:15.296441Z"
248,"1","cloudy","2026-06-09T13:29:19.759638Z",246,"bbox_1004417.png",2.771,"2026-06-09T13:29:19.759638Z"
249,"1","clear","2026-06-09T13:29:25.162503Z",247,"bbox_1004542.png",3.158,"2026-06-09T13:29:25.162503Z"
250,"1","clear","2026-06-09T13:29:29.982182Z",248,"bbox_1004575.png",3.132,"2026-06-09T13:29:29.982182Z"
251,"1","cloudy","2026-06-09T13:29:46.260004Z",249,"bbox_1004583.png",14.207,"2026-06-09T13:29:46.260004Z"
252,"1","clear","2026-06-09T13:32:17.626808Z",250,"bbox_1004599.png",3.696,"2026-06-09T13:32:17.626808Z"
253,"1","cloudy","2026-06-09T13:32:21.562053Z",251,"bbox_1004647.png",2.162,"2026-06-09T13:32:21.562053Z"
254,"1","cloudy","2026-06-09T13:32:24.876056Z",252,"bbox_1004657.png",2.015,"2026-06-09T13:32:24.876056Z"
255,"1","clear","2026-06-09T13:32:31.289703Z",253,"bbox_1004755.png",4.663,"2026-06-09T13:32:31.289703Z"
256,"1","clear","2026-06-09T13:32:36.910368Z",254,"bbox_1004849.png",2.781,"2026-06-09T13:32:36.910368Z"
257,"1","clear","2026-06-09T13:32:41.980256Z",255,"bbox_1004891.png",2.967,"2026-06-09T13:32:41.980256Z"
258,"1","cloudy","2026-06-09T13:32:46.692418Z",256,"bbox_1004919.png",2.486,"2026-06-09T13:32:46.692418Z"
259,"1","cloudy","2026-06-09T13:32:52.322658Z",257,"bbox_1004927.png",2.015,"2026-06-09T13:32:52.322658Z"
260,"1","cloudy","2026-06-09T13:32:57.167076Z",258,"bbox_1005021.png",2.848,"2026-06-09T13:32:57.168077Z"
261,"1","cloudy","2026-06-09T13:33:02.079551Z",259,"bbox_1005125.png",2.578,"2026-06-09T13:33:02.079551Z"
262,"1","cloudy","2026-06-09T13:33:07.456738Z",260,"bbox_1005142.png",3.205,"2026-06-09T13:33:07.456738Z"
263,"1","cloudy","2026-06-09T13:33:12.167746Z",261,"bbox_1005156.png",1.93,"2026-06-09T13:33:12.167746Z"
264,"1","cloudy","2026-06-09T13:33:16.260725Z",262,"bbox_1005285.png",2.291,"2026-06-09T13:33:16.260725Z"
265,"1","cloudy","2026-06-09T13:33:21.033602Z",263,"bbox_1005289.png",2.469,"2026-06-09T13:33:21.034613Z"
266,"1","cloudy","2026-06-09T13:33:24.771801Z",264,"bbox_1005361.png",1.394,"2026-06-09T13:33:24.771801Z"
267,"1","cloudy","2026-06-09T13:33:28.632251Z",265,"bbox_1005491.png",1.886,"2026-06-09T13:33:28.632251Z"
268,"1","cloudy","2026-06-09T13:33:32.642333Z",266,"bbox_1005553.png",1.885,"2026-06-09T13:33:32.642333Z"
269,"1","cloudy","2026-06-09T13:33:39.993938Z",267,"bbox_1005577.png",5.139,"2026-06-09T13:33:39.993938Z"
270,"1","cloudy","2026-06-09T13:33:44.398281Z",268,"bbox_1005680.png",2.372,"2026-06-09T13:33:44.398281Z"
271,"1","cloudy","2026-06-09T13:33:50.113518Z",269,"bbox_1005704.png",2.934,"2026-06-09T13:33:50.113518Z"
272,"1","cloudy","2026-06-15T08:52:58.729014Z",270,"bbox_1005788.png",13.84,"2026-06-15T08:52:58.729014Z"
273,"1","cloudy","2026-06-15T08:53:25.052091Z",271,"bbox_1005839.png",4.391,"2026-06-15T08:53:25.052091Z"
274,"1","cloudy","2026-06-15T08:53:29.910486Z",272,"bbox_1005846.png",2.4,"2026-06-15T08:53:29.910486Z"
275,"1","cloudy","2026-06-15T08:53:34.811257Z",273,"bbox_1005887.png",2.654,"2026-06-15T08:53:34.811257Z"
276,"1","cloudy","2026-06-15T08:53:39.297663Z",274,"bbox_1005916.png",2.533,"2026-06-15T08:53:39.297663Z"
277,"1","cloudy","2026-06-15T08:53:45.482698Z",275,"bbox_1006018.png",2.247,"2026-06-15T08:53:45.482698Z"
278,"1","cloudy","2026-06-15T08:53:50.130402Z",276,"bbox_1006048.png",2.713,"2026-06-15T08:53:50.130402Z"
279,"1","cloudy","2026-06-15T08:53:54.746573Z",277,"bbox_1006053.png",1.59,"2026-06-15T08:53:54.746573Z"
280,"1","cloudy","2026-06-15T08:53:59.157325Z",278,"bbox_1006080.png",2.409,"2026-06-15T08:53:59.157325Z"
281,"1","cloudy","2026-06-15T08:54:04.784044Z",279,"bbox_1006084.png",3.085,"2026-06-15T08:54:04.784044Z"
282,"1","cloudy","2026-06-15T08:54:21.448120Z",280,"bbox_1006191.png",10.321,"2026-06-15T08:54:21.448120Z"
283,"1","cloudy","2026-06-15T08:54:26.297867Z",281,"bbox_1006204.png",2.471,"2026-06-15T08:54:26.297867Z"
284,"1","cloudy","2026-06-15T08:54:30.707237Z",282,"bbox_1006215.png",2.157,"2026-06-15T08:54:30.707237Z"
285,"1","cloudy","2026-06-15T08:54:35.377031Z",283,"bbox_1006227.png",2.656,"2026-06-15T08:54:35.377031Z"
286,"1","cloudy","2026-06-15T08:54:39.906551Z",284,"bbox_1006252.png",2.708,"2026-06-15T08:54:39.906551Z"
287,"1","cloudy","2026-06-15T08:54:45.312283Z",285,"bbox_1006308.png",2.364,"2026-06-15T08:54:45.312283Z"
288,"1","cloudy","2026-06-15T08:54:50.640128Z",286,"bbox_1006419.png",2.568,"2026-06-15T08:54:50.640128Z"
289,"1","cloudy","2026-06-15T08:54:55.819553Z",287,"bbox_1006447.png",2.468,"2026-06-15T08:54:55.819553Z"
290,"1","cloudy","2026-06-15T08:55:00.656034Z",288,"bbox_1006529.png",2.374,"2026-06-15T08:55:00.656542Z"
291,"1","cloudy","2026-06-15T08:55:06.823261Z",289,"bbox_1006530.png",2.182,"2026-06-15T08:55:06.823261Z"
292,"1","cloudy","2026-06-15T08:55:11.404616Z",290,"bbox_1006611.png",2.083,"2026-06-15T08:55:11.404616Z"
294,"1","{""choices"":[""cloudy"",""fog""]}","2026-06-15T08:55:32.052161Z",291,"bbox_1006730.png",13.322,"2026-06-15T08:55:32.053160Z"
293,"1","cloudy","2026-06-15T08:55:17.013936Z",291,"bbox_1006730.png",2.017,"2026-06-15T08:55:17.013936Z"
295,"1","cloudy","2026-06-15T08:55:37.176633Z",292,"bbox_1006790.png",3.02,"2026-06-15T08:55:37.176633Z"
296,"1","cloudy","2026-06-15T08:55:41.310603Z",293,"bbox_1006927.png",2.474,"2026-06-15T08:55:41.310603Z"
297,"1","cloudy","2026-06-15T08:55:47.336425Z",294,"bbox_1007004.png",3.356,"2026-06-15T08:55:47.337424Z"
298,"1","cloudy","2026-06-15T08:55:51.146723Z",295,"bbox_1007009.png",2.141,"2026-06-15T08:55:51.146723Z"
299,"1","cloudy","2026-06-15T08:55:55.589626Z",296,"bbox_1007032.png",2.584,"2026-06-15T08:55:55.589626Z"
300,"1","cloudy","2026-06-15T08:56:00.018102Z",297,"bbox_1007055.png",2.218,"2026-06-15T08:56:00.018102Z"
301,"1","clear","2026-06-15T08:56:06.710543Z",298,"bbox_1007201.png",4.197,"2026-06-15T08:56:06.710543Z"
302,"1","cloudy","2026-06-15T08:56:11.111036Z",299,"bbox_1007316.png",2.371,"2026-06-15T08:56:11.111036Z"
303,"1","cloudy","2026-06-15T08:56:17.351780Z",300,"bbox_1007377.png",3.689,"2026-06-15T08:56:17.351780Z"
304,"1","cloudy","2026-06-15T08:56:39.834587Z",301,"bbox_1007510.png",2.688,"2026-06-15T08:56:39.834587Z"
305,"1","cloudy","2026-06-15T08:56:44.277701Z",302,"bbox_1007522.png",2.69,"2026-06-15T08:56:44.277701Z"
306,"1","cloudy","2026-06-15T08:56:49.187532Z",303,"bbox_1007663.png",2.566,"2026-06-15T08:56:49.187532Z"
307,"1","cloudy","2026-06-15T08:56:53.978978Z",304,"bbox_1007846.png",2.255,"2026-06-15T08:56:53.978978Z"
308,"1","{""choices"":[""clear"",""fog""]}","2026-06-15T08:57:02.987566Z",305,"bbox_1007857.png",6.186,"2026-06-15T08:57:02.987566Z"
309,"1","cloudy","2026-06-15T08:57:08.608628Z",306,"bbox_1008090.png",3.44,"2026-06-15T08:57:08.608628Z"
310,"1","clear","2026-06-15T08:57:15.644413Z",307,"bbox_1008154.png",3.19,"2026-06-15T08:57:15.644413Z"
311,"1","cloudy","2026-06-15T08:57:20.762691Z",308,"bbox_1008390.png",2.651,"2026-06-15T08:57:20.762691Z"
312,"1","cloudy","2026-06-15T08:57:26.953032Z",309,"bbox_1008415.png",3.449,"2026-06-15T08:57:26.953032Z"
313,"1","cloudy","2026-06-15T08:57:32.723203Z",310,"bbox_1008424.png",3.527,"2026-06-15T08:57:32.723203Z"
314,"1","cloudy","2026-06-15T08:57:36.557951Z",311,"bbox_1008428.png",2.013,"2026-06-15T08:57:36.557951Z"
315,"1","cloudy","2026-06-15T08:57:41.016853Z",312,"bbox_1008437.png",2.37,"2026-06-15T08:57:41.016853Z"
316,"1","cloudy","2026-06-15T08:57:45.526971Z",313,"bbox_1008467.png",2.231,"2026-06-15T08:57:45.526971Z"
317,"1","cloudy","2026-06-15T08:57:49.812260Z",314,"bbox_1008548.png",2.115,"2026-06-15T08:57:49.812260Z"
318,"1","cloudy","2026-06-15T08:57:54.170057Z",315,"bbox_1008572.png",2.261,"2026-06-15T08:57:54.170057Z"
319,"1","cloudy","2026-06-15T08:57:59.426338Z",316,"bbox_1008630.png",2.62,"2026-06-15T08:57:59.426338Z"
320,"1","cloudy","2026-06-15T08:58:04.693953Z",317,"bbox_1008637.png",2.237,"2026-06-15T08:58:04.693953Z"
321,"1","cloudy","2026-06-15T08:58:09.120409Z",318,"bbox_1008712.png",1.901,"2026-06-15T08:58:09.120409Z"
322,"1","cloudy","2026-06-15T08:58:14.169596Z",319,"bbox_1008715.png",2.759,"2026-06-15T08:58:14.169596Z"
323,"1","cloudy","2026-06-15T08:58:18.293844Z",320,"bbox_1009136.png",2.306,"2026-06-15T08:58:18.293844Z"
324,"1","{""choices"":[""cloudy"",""fog""]}","2026-06-15T08:58:34.742574Z",321,"bbox_1009149.png",14.001,"2026-06-15T08:58:34.742574Z"
325,"1","cloudy","2026-06-15T08:58:42.881146Z",322,"bbox_1009265.png",4.253,"2026-06-15T08:58:42.881146Z"
326,"1","cloudy","2026-06-15T08:58:50.607264Z",323,"bbox_1009291.png",3.906,"2026-06-15T08:58:50.607264Z"
327,"1","cloudy","2026-06-15T08:58:54.570038Z",324,"bbox_1009534.png",1.986,"2026-06-15T08:58:54.570038Z"
328,"1","cloudy","2026-06-15T08:58:58.234743Z",325,"bbox_1009557.png",1.739,"2026-06-15T08:58:58.234743Z"
329,"1","clear","2026-06-15T08:59:04.184048Z",326,"bbox_1010156.png",3.563,"2026-06-15T08:59:04.184048Z"
330,"1","{""choices"":[""cloudy"",""fog""]}","2026-06-15T08:59:18.630671Z",327,"bbox_1010271.png",11.997,"2026-06-15T08:59:18.630671Z"
331,"1","cloudy","2026-06-15T08:59:26.578812Z",328,"bbox_1010442.png",3.381,"2026-06-15T08:59:26.578812Z"
332,"1","cloudy","2026-06-15T08:59:31.835174Z",329,"bbox_1010791.png",3.189,"2026-06-15T08:59:31.835174Z"
333,"1","cloudy","2026-06-15T08:59:36.770165Z",330,"bbox_1010813.png",2.785,"2026-06-15T08:59:36.771153Z"
334,"1","cloudy","2026-06-15T08:59:41.644106Z",331,"bbox_1010871.png",2.347,"2026-06-15T08:59:41.644106Z"
335,"1","cloudy","2026-06-15T08:59:46.437024Z",332,"bbox_1011222.png",2.275,"2026-06-15T08:59:46.437024Z"
336,"1","cloudy","2026-06-15T08:59:51.071643Z",333,"bbox_1011227.png",2.27,"2026-06-15T08:59:51.071643Z"
337,"1","cloudy","2026-06-15T08:59:56.231229Z",334,"bbox_1011411.png",2.489,"2026-06-15T08:59:56.231229Z"
338,"1","cloudy","2026-06-15T09:00:00.605510Z",335,"bbox_1011481.png",2.623,"2026-06-15T09:00:00.605510Z"
340,"1","cloudy","2026-06-15T09:00:20.961758Z",336,"bbox_1011611.png",3.633,"2026-06-15T09:00:20.961758Z"
341,"1","cloudy","2026-06-15T09:00:29.672700Z",337,"bbox_1011616.png",6.005,"2026-06-15T09:00:29.672700Z"
342,"1","cloudy","2026-06-15T09:00:36.749172Z",338,"bbox_1012188.png",3.76,"2026-06-15T09:00:36.749172Z"
343,"1","cloudy","2026-06-15T09:00:41.428838Z",339,"bbox_1012189.png",2.655,"2026-06-15T09:00:41.428838Z"
344,"1","cloudy","2026-06-15T09:00:45.625341Z",340,"bbox_1012209.png",1.707,"2026-06-15T09:00:45.625341Z"
345,"1","clear","2026-06-15T09:00:54.384401Z",341,"bbox_1012243.png",5.727,"2026-06-15T09:00:54.385379Z"
346,"1","cloudy","2026-06-15T09:00:59.561143Z",342,"bbox_1012915.png",3.436,"2026-06-15T09:00:59.561143Z"
347,"1","cloudy","2026-06-15T09:01:05.369593Z",343,"bbox_1013166.png",3.264,"2026-06-15T09:01:05.369593Z"
348,"1","cloudy","2026-06-15T09:01:12.074447Z",344,"bbox_1013395.png",4.31,"2026-06-15T09:01:12.074447Z"
349,"1","cloudy","2026-06-15T09:01:18.064061Z",345,"bbox_1013757.png",2.334,"2026-06-15T09:01:18.064061Z"
350,"1","cloudy","2026-06-15T09:01:22.757616Z",346,"bbox_1013769.png",2.353,"2026-06-15T09:01:22.757616Z"
351,"1","cloudy","2026-06-15T09:01:26.778882Z",347,"bbox_1013843.png",1.853,"2026-06-15T09:01:26.778882Z"
352,"1","clear","2026-06-15T09:01:31.887604Z",348,"bbox_1014627.png",2.759,"2026-06-15T09:01:31.887604Z"
353,"1","cloudy","2026-06-15T09:01:36.367360Z",349,"bbox_1014655.png",2.306,"2026-06-15T09:01:36.367360Z"
354,"1","cloudy","2026-06-15T09:01:42.954802Z",350,"bbox_1014681.png",4.108,"2026-06-15T09:01:42.954802Z"
355,"1","cloudy","2026-06-15T09:01:48.398355Z",351,"bbox_1014865.png",3.114,"2026-06-15T09:01:48.398355Z"
356,"1","cloudy","2026-06-15T09:01:56.990652Z",352,"bbox_1015431.png",3.799,"2026-06-15T09:01:56.990652Z"
357,"1","cloudy","2026-06-15T09:02:02.302979Z",353,"bbox_1015669.png",2.517,"2026-06-15T09:02:02.302979Z"
358,"1","cloudy","2026-06-15T09:02:12.818676Z",354,"bbox_1015878.png",7.793,"2026-06-15T09:02:12.818676Z"
359,"1","clear","2026-06-15T09:02:17.611241Z",355,"bbox_1016010.png",2.923,"2026-06-15T09:02:17.611241Z"
360,"1","cloudy","2026-06-15T09:02:22.054540Z",356,"bbox_1016294.png",2.237,"2026-06-15T09:02:22.054540Z"
361,"1","cloudy","2026-06-15T09:02:27.211580Z",357,"bbox_1016399.png",2.673,"2026-06-15T09:02:27.211580Z"
362,"1","cloudy","2026-06-15T09:02:31.628499Z",358,"bbox_1016609.png",2.217,"2026-06-15T09:02:31.628499Z"
363,"1","cloudy","2026-06-15T09:02:38.023679Z",359,"bbox_1016925.png",3.749,"2026-06-15T09:02:38.023679Z"
364,"1","cloudy","2026-06-15T09:02:43.276091Z",360,"bbox_1017129.png",2.448,"2026-06-15T09:02:43.276091Z"
365,"1","cloudy","2026-06-15T09:02:48.243504Z",361,"bbox_1017157.png",2.731,"2026-06-15T09:02:48.244488Z"
366,"1","cloudy","2026-06-15T09:02:55.974138Z",362,"bbox_1017698.png",1.922,"2026-06-15T09:02:55.974138Z"
367,"1","cloudy","2026-06-15T09:03:01.390689Z",363,"bbox_1018033.png",2.934,"2026-06-15T09:03:01.390689Z"
368,"1","cloudy","2026-06-15T09:03:05.610511Z",364,"bbox_1018206.png",2.392,"2026-06-15T09:03:05.610511Z"
369,"1","cloudy","2026-06-15T09:03:10.545338Z",365,"bbox_1018863.png",2.188,"2026-06-15T09:03:10.545338Z"
370,"1","cloudy","2026-06-15T09:03:15.885841Z",366,"bbox_1018973.png",2.881,"2026-06-15T09:03:15.885841Z"
371,"1","cloudy","2026-06-15T09:03:20.970724Z",367,"bbox_1019267.png",3.041,"2026-06-15T09:03:20.970724Z"
372,"1","cloudy","2026-06-15T09:03:30.233747Z",368,"bbox_1019293.png",6.816,"2026-06-15T09:03:30.234260Z"
373,"1","cloudy","2026-06-15T09:03:36.639534Z",369,"bbox_1019732.png",2.817,"2026-06-15T09:03:36.639534Z"
374,"1","cloudy","2026-06-15T09:03:41.133795Z",370,"bbox_1019983.png",1.743,"2026-06-15T09:03:41.133795Z"
375,"1","cloudy","2026-06-15T09:03:45.387301Z",371,"bbox_1022127.png",1.808,"2026-06-15T09:03:45.387301Z"
376,"1","cloudy","2026-06-15T09:03:50.135350Z",372,"bbox_1022967.png",1.662,"2026-06-15T09:03:50.135350Z"
377,"1","cloudy","2026-06-15T09:03:54.113675Z",373,"bbox_1023437.png",2.164,"2026-06-15T09:03:54.113675Z"
378,"1","cloudy","2026-06-15T09:04:01.224150Z",374,"bbox_1023710.png",4.725,"2026-06-15T09:04:01.224150Z"
379,"1","cloudy","2026-06-15T09:04:05.355079Z",375,"bbox_1023917.png",2.316,"2026-06-15T09:04:05.355079Z"
380,"1","cloudy","2026-06-15T09:04:11.149704Z",376,"bbox_1023954.png",3.397,"2026-06-15T09:04:11.150740Z"
381,"1","cloudy","2026-06-15T09:04:16.601227Z",377,"bbox_1023968.png",3.278,"2026-06-15T09:04:16.601227Z"
382,"1","cloudy","2026-06-15T09:04:21.420190Z",378,"bbox_1024365.png",2.64,"2026-06-15T09:04:21.420190Z"
383,"1","cloudy","2026-06-15T09:04:28.278357Z",379,"bbox_1024692.png",2.709,"2026-06-15T09:04:28.278357Z"
384,"1","cloudy","2026-06-15T09:04:33.931991Z",380,"bbox_1024884.png",2.623,"2026-06-15T09:04:33.931991Z"
385,"1","cloudy","2026-06-15T09:10:48.665173Z",381,"bbox_1024920.png",372.124,"2026-06-15T09:10:48.665173Z"
386,"1","cloudy","2026-06-15T09:10:52.420782Z",382,"bbox_1025032.png",1.912,"2026-06-15T09:10:52.420782Z"
387,"1","cloudy","2026-06-15T09:10:58.751512Z",383,"bbox_1025847.png",2.728,"2026-06-15T09:10:58.752504Z"
388,"1","cloudy","2026-06-15T09:11:02.188653Z",384,"bbox_1025888.png",1.378,"2026-06-15T09:11:02.188653Z"
389,"1","cloudy","2026-06-15T09:11:13.137535Z",385,"bbox_1026445.png",4.677,"2026-06-15T09:11:13.137535Z"
390,"1","cloudy","2026-06-15T09:11:22.478086Z",386,"bbox_1026896.png",7.33,"2026-06-15T09:11:22.478086Z"
391,"1","clear","2026-06-15T09:11:38.607203Z",387,"bbox_1027060.png",14.034,"2026-06-15T09:11:38.607203Z"
392,"1","cloudy","2026-06-15T09:11:46.984638Z",388,"bbox_1027135.png",3.586,"2026-06-15T09:11:46.984638Z"
393,"1","cloudy","2026-06-15T09:11:53.121367Z",389,"bbox_1027215.png",3.673,"2026-06-15T09:11:53.121367Z"
394,"1","cloudy","2026-06-15T09:11:57.309479Z",390,"bbox_1027223.png",1.909,"2026-06-15T09:11:57.309479Z"
395,"1","cloudy","2026-06-15T09:12:02.064525Z",391,"bbox_1027794.png",2.253,"2026-06-15T09:12:02.064525Z"
396,"1","cloudy","2026-06-15T09:12:08.487018Z",392,"bbox_1028330.png",3.528,"2026-06-15T09:12:08.487018Z"
397,"1","cloudy","2026-06-15T09:12:15.155949Z",393,"bbox_1028761.png",2.821,"2026-06-15T09:12:15.155949Z"
398,"1","cloudy","2026-06-15T09:12:20.511244Z",394,"bbox_1028771.png",2.938,"2026-06-15T09:12:20.511244Z"
399,"1","cloudy","2026-06-15T09:12:25.627752Z",395,"bbox_1029054.png",3.033,"2026-06-15T09:12:25.627752Z"
400,"1","cloudy","2026-06-15T09:12:30.770791Z",396,"bbox_1029985.png",2.726,"2026-06-15T09:12:30.770791Z"
401,"1","cloudy","2026-06-15T09:12:35.755190Z",397,"bbox_1030499.png",3.341,"2026-06-15T09:12:35.755190Z"
402,"1","clear","2026-06-15T09:12:39.483616Z",398,"bbox_1030767.png",2.132,"2026-06-15T09:12:39.483616Z"
403,"1","clear","2026-06-15T09:12:43.877550Z",399,"bbox_1030771.png",1.455,"2026-06-15T09:12:43.877550Z"
404,"1","cloudy","2026-06-15T09:12:47.884961Z",400,"bbox_1030826.png",1.451,"2026-06-15T09:12:47.884961Z"
405,"1","cloudy","2026-06-15T09:12:55.396258Z",401,"bbox_1030917.png",5.52,"2026-06-15T09:12:55.397258Z"
406,"1","cloudy","2026-06-15T09:12:59.941698Z",402,"bbox_1031718.png",2.936,"2026-06-15T09:12:59.941698Z"
407,"1","cloudy","2026-06-15T09:13:06.351505Z",403,"bbox_1031720.png",2.282,"2026-06-15T09:13:06.352509Z"
408,"1","cloudy","2026-06-15T09:13:10.491793Z",404,"bbox_1031806.png",2.083,"2026-06-15T09:13:10.491793Z"
409,"1","cloudy","2026-06-15T09:13:15.681954Z",405,"bbox_1031839.png",2.305,"2026-06-15T09:13:15.682952Z"
410,"1","cloudy","2026-06-15T09:13:20.620158Z",406,"bbox_1031842.png",2.72,"2026-06-15T09:13:20.620158Z"
411,"1","cloudy","2026-06-15T09:13:28.195455Z",407,"bbox_1031886.png",5.225,"2026-06-15T09:13:28.195455Z"
412,"1","cloudy","2026-06-15T09:13:33.320651Z",408,"bbox_1031911.png",2.83,"2026-06-15T09:13:33.321652Z"
413,"1","cloudy","2026-06-15T09:13:39.405436Z",409,"bbox_1031914.png",3.634,"2026-06-15T09:13:39.405436Z"
414,"1","clear","2026-06-15T09:13:50.052947Z",410,"bbox_1031919.png",8.111,"2026-06-15T09:13:50.052947Z"
415,"1","cloudy","2026-06-15T09:13:58.842231Z",411,"bbox_1031920.png",6.648,"2026-06-15T09:13:58.842231Z"
417,"1","cloudy","2026-06-15T09:14:20.123500Z",412,"bbox_1031944.png",2.419,"2026-06-15T09:14:20.123500Z"
418,"1","cloudy","2026-06-15T09:14:31.470181Z",413,"bbox_1031947.png",3.275,"2026-06-15T09:14:31.470181Z"
419,"1","cloudy","2026-06-15T09:14:38.363599Z",414,"bbox_1031956.png",2.722,"2026-06-15T09:14:38.363599Z"
420,"1","cloudy","2026-06-15T09:14:41.538913Z",415,"bbox_1032031.png",1.446,"2026-06-15T09:14:41.538913Z"
421,"1","cloudy","2026-06-15T09:14:45.690787Z",416,"bbox_1032035.png",2.535,"2026-06-15T09:14:45.690787Z"
422,"1","clear","2026-06-15T09:14:51.733788Z",417,"bbox_1032127.png",4.472,"2026-06-15T09:14:51.733788Z"
423,"1","cloudy","2026-06-15T09:14:55.847243Z",418,"bbox_1032145.png",2.571,"2026-06-15T09:14:55.847243Z"
424,"1","cloudy","2026-06-15T09:14:59.922048Z",419,"bbox_1032149.png",2.246,"2026-06-15T09:14:59.922048Z"
425,"1","cloudy","2026-06-15T09:15:03.013415Z",420,"bbox_1032152.png",1.644,"2026-06-15T09:15:03.013415Z"
426,"1","cloudy","2026-06-15T09:15:06.750334Z",421,"bbox_1032158.png",2.25,"2026-06-15T09:15:06.750334Z"
427,"1","cloudy","2026-06-15T09:15:10.266349Z",422,"bbox_1032161.png",1.714,"2026-06-15T09:15:10.267349Z"
428,"1","cloudy","2026-06-15T09:15:14.454381Z",423,"bbox_1032164.png",2.658,"2026-06-15T09:15:14.454381Z"
429,"1","clear","2026-06-15T09:15:21.420872Z",424,"bbox_1032207.png",3.584,"2026-06-15T09:15:21.420872Z"
430,"1","cloudy","2026-06-15T09:15:45.828878Z",425,"bbox_1032233.png",3.926,"2026-06-15T09:15:45.828878Z"
431,"1","cloudy","2026-06-15T09:15:55.136522Z",426,"bbox_1032324.png",6.858,"2026-06-15T09:15:55.136522Z"
432,"1","cloudy","2026-06-15T09:16:00.827775Z",427,"bbox_1032327.png",4.242,"2026-06-15T09:16:00.827775Z"
433,"1","clear","2026-06-15T09:16:05.404695Z",428,"bbox_1032330.png",3.089,"2026-06-15T09:16:05.404695Z"
434,"1","clear","2026-06-15T09:16:09.758635Z",429,"bbox_1032333.png",2.364,"2026-06-15T09:16:09.758635Z"
435,"1","cloudy","2026-06-15T09:16:16.042529Z",430,"bbox_1032401.png",3.774,"2026-06-15T09:16:16.042529Z"
436,"1","cloudy","2026-06-15T09:16:20.435374Z",431,"bbox_1032437.png",2.632,"2026-06-15T09:16:20.435374Z"
437,"1","cloudy","2026-06-15T09:16:24.435562Z",432,"bbox_1032495.png",1.809,"2026-06-15T09:16:24.435562Z"
438,"1","cloudy","2026-06-15T09:16:29.550416Z",433,"bbox_1032498.png",2.881,"2026-06-15T09:16:29.550416Z"
439,"1","clear","2026-06-15T09:16:35.069043Z",434,"bbox_1032500.png",2.989,"2026-06-15T09:16:35.069043Z"
440,"1","cloudy","2026-06-15T09:16:39.683292Z",435,"bbox_1032501.png",2.335,"2026-06-15T09:16:39.683292Z"
441,"1","clear","2026-06-15T09:16:43.910103Z",436,"bbox_1032503.png",1.804,"2026-06-15T09:16:43.910103Z"
442,"1","cloudy","2026-06-15T09:16:48.932114Z",437,"bbox_1032504.png",2.359,"2026-06-15T09:16:48.932114Z"
443,"1","cloudy","2026-06-15T09:16:54.669501Z",438,"bbox_1032752.png",3.326,"2026-06-15T09:16:54.669501Z"
444,"1","cloudy","2026-06-15T09:17:00.688863Z",439,"bbox_1032755.png",4.394,"2026-06-15T09:17:00.688863Z"
445,"1","cloudy","2026-06-15T09:17:05.523069Z",440,"bbox_1032781.png",2.781,"2026-06-15T09:17:05.523069Z"
446,"1","cloudy","2026-06-15T09:17:11.796206Z",441,"bbox_1032802.png",3.937,"2026-06-15T09:17:11.796206Z"
447,"1","cloudy","2026-06-15T09:17:25.733111Z",442,"bbox_1032808.png",10.39,"2026-06-15T09:17:25.733111Z"
448,"1","cloudy","2026-06-15T09:17:30.513984Z",443,"bbox_1033008.png",2.127,"2026-06-15T09:17:30.513984Z"
449,"1","cloudy","2026-06-15T09:17:34.408934Z",444,"bbox_1033010.png",1.836,"2026-06-15T09:17:34.409936Z"
450,"1","cloudy","2026-06-15T09:17:38.287377Z",445,"bbox_1033016.png",1.978,"2026-06-15T09:17:38.287377Z"
451,"1","cloudy","2026-06-15T09:17:42.581606Z",446,"bbox_1033018.png",1.887,"2026-06-15T09:17:42.581606Z"
452,"1","cloudy","2026-06-15T09:17:47.450347Z",447,"bbox_1033022.png",2.858,"2026-06-15T09:17:47.450347Z"
453,"1","cloudy","2026-06-15T09:17:52.333954Z",448,"bbox_1034406.png",2.622,"2026-06-15T09:17:52.333954Z"
454,"1","cloudy","2026-06-15T09:17:58.651953Z",449,"bbox_1034409.png",3.664,"2026-06-15T09:17:58.651953Z"
455,"1","cloudy","2026-06-15T09:18:05.276479Z",450,"bbox_1034412.png",3.7,"2026-06-15T09:18:05.276479Z"
456,"1","cloudy","2026-06-15T09:18:11.539665Z",451,"bbox_1034415.png",4.255,"2026-06-15T09:18:11.539665Z"
457,"1","cloudy","2026-06-15T09:18:17.399738Z",452,"bbox_1034418.png",3.663,"2026-06-15T09:18:17.399738Z"
458,"1","overcast","2026-06-15T09:18:30.548231Z",453,"bbox_1034555.png",11.304,"2026-06-15T09:18:30.548231Z"
459,"1","clear","2026-06-15T09:18:36.725623Z",454,"bbox_1035244.png",3.943,"2026-06-15T09:18:36.725623Z"
460,"1","cloudy","2026-06-15T09:18:42.295909Z",455,"bbox_1035246.png",3.788,"2026-06-15T09:18:42.295909Z"
461,"1","cloudy","2026-06-15T09:18:49.166474Z",456,"bbox_1035706.png",4.892,"2026-06-15T09:18:49.166474Z"
462,"1","cloudy","2026-06-15T09:18:55.226091Z",457,"bbox_1035729.png",4.334,"2026-06-15T09:18:55.226091Z"
463,"1","cloudy","2026-06-15T09:19:01.584321Z",458,"bbox_1035732.png",3.318,"2026-06-15T09:19:01.585834Z"
464,"1","cloudy","2026-06-15T09:19:08.991950Z",459,"bbox_1035733.png",4.175,"2026-06-15T09:19:08.991950Z"
465,"1","cloudy","2026-06-15T09:19:14.948156Z",460,"bbox_1035736.png",3.417,"2026-06-15T09:19:14.948156Z"
466,"1","cloudy","2026-06-15T09:19:20.649082Z",461,"bbox_1035742.png",3.408,"2026-06-15T09:19:20.649082Z"
467,"1","cloudy","2026-06-15T09:19:25.345564Z",462,"bbox_1035746.png",2.884,"2026-06-15T09:19:25.345564Z"
468,"1","cloudy","2026-06-15T09:19:29.700086Z",463,"bbox_1035747.png",1.942,"2026-06-15T09:19:29.700086Z"
469,"1","cloudy","2026-06-15T09:19:34.827989Z",464,"bbox_1035754.png",3.033,"2026-06-15T09:19:34.827989Z"
470,"1","cloudy","2026-06-15T09:19:38.935970Z",465,"bbox_1035766.png",1.636,"2026-06-15T09:19:38.935970Z"
471,"1","cloudy","2026-06-15T09:19:42.787539Z",466,"bbox_1035774.png",1.749,"2026-06-15T09:19:42.787539Z"
472,"1","cloudy","2026-06-15T09:19:48.594421Z",467,"bbox_1035776.png",3.943,"2026-06-15T09:19:48.594421Z"
473,"1","cloudy","2026-06-15T09:19:55.347172Z",468,"bbox_1035778.png",2.226,"2026-06-15T09:19:55.347172Z"
474,"1","cloudy","2026-06-15T09:20:02.704423Z",469,"bbox_1035784.png",4.115,"2026-06-15T09:20:02.704423Z"
475,"1","cloudy","2026-06-15T09:20:07.541526Z",470,"bbox_1035787.png",3.085,"2026-06-15T09:20:07.541526Z"
476,"1","cloudy","2026-06-15T09:20:12.205629Z",471,"bbox_1035790.png",2.583,"2026-06-15T09:20:12.205629Z"
477,"1","cloudy","2026-06-15T09:20:17.021219Z",472,"bbox_1035793.png",2.677,"2026-06-15T09:20:17.021219Z"
478,"1","cloudy","2026-06-15T09:20:20.937278Z",473,"bbox_1035825.png",2.136,"2026-06-15T09:20:20.937278Z"
479,"1","clear","2026-06-15T09:20:29.684897Z",474,"bbox_1035827.png",3.346,"2026-06-15T09:20:29.684897Z"
480,"1","cloudy","2026-06-15T09:20:35.057002Z",475,"bbox_1035831.png",2.772,"2026-06-15T09:20:35.057002Z"
481,"1","cloudy","2026-06-15T09:20:41.083938Z",476,"bbox_1035847.png",2.664,"2026-06-15T09:20:41.083938Z"
482,"1","cloudy","2026-06-15T09:20:46.702744Z",477,"bbox_1035848.png",3.154,"2026-06-15T09:20:46.702744Z"
483,"1","cloudy","2026-06-15T09:20:50.482543Z",478,"bbox_1035857.png",1.559,"2026-06-15T09:20:50.482543Z"
484,"1","cloudy","2026-06-15T09:20:54.922289Z",479,"bbox_1035858.png",1.616,"2026-06-15T09:20:54.922289Z"
485,"1","cloudy","2026-06-15T09:21:00.262795Z",480,"bbox_1035863.png",2.261,"2026-06-15T09:21:00.262795Z"
486,"1","cloudy","2026-06-15T09:21:05.113233Z",481,"bbox_1035864.png",2.714,"2026-06-15T09:21:05.113233Z"
487,"1","cloudy","2026-06-15T09:21:11.688949Z",482,"bbox_1035872.png",3.158,"2026-06-15T09:21:11.688949Z"
488,"1","cloudy","2026-06-15T09:21:16.779480Z",483,"bbox_1035873.png",2.6,"2026-06-15T09:21:16.779480Z"
489,"1","{""choices"":[""overcast"",""fog""]}","2026-06-15T09:21:28.234037Z",484,"bbox_1035879.png",9.035,"2026-06-15T09:21:28.234037Z"
490,"1","{""choices"":[""cloudy"",""rain"",""fog""]}","2026-06-15T09:21:56.043992Z",485,"bbox_1035882.png",25.354,"2026-06-15T09:21:56.043992Z"
491,"1","{""choices"":[""cloudy"",""fog""]}","2026-06-15T09:23:34.304402Z",487,"bbox_1035887.png",15.809,"2026-06-15T09:23:34.304402Z"
492,"1","{""choices"":[""cloudy"",""fog""]}","2026-06-15T09:23:44.271723Z",488,"bbox_1035888.png",8.164,"2026-06-15T09:23:44.271723Z"
493,"1","{""choices"":[""cloudy"",""fog""]}","2026-06-15T09:23:52.997043Z",489,"bbox_1035889.png",6.663,"2026-06-15T09:23:52.997043Z"
494,"1","{""choices"":[""cloudy"",""fog""]}","2026-06-15T09:24:03.548178Z",490,"bbox_1035890.png",5.012,"2026-06-15T09:24:03.548178Z"
495,"1","cloudy","2026-06-15T09:24:10.111774Z",491,"bbox_1035912.png",4.111,"2026-06-15T09:24:10.111774Z"
496,"1","cloudy","2026-06-15T09:24:15.540724Z",492,"bbox_1035916.png",1.627,"2026-06-15T09:24:15.540724Z"
498,"1","cloudy","2026-06-15T09:24:24.144842Z",493,"bbox_1035918.png",2.44,"2026-06-15T09:24:24.144842Z"
499,"1","cloudy","2026-06-15T09:24:35.468327Z",494,"bbox_1035922.png",2.379,"2026-06-15T09:24:35.468327Z"
500,"1","cloudy","2026-06-15T09:24:42.879887Z",495,"bbox_1035926.png",2.975,"2026-06-15T09:24:42.879887Z"
501,"1","cloudy","2026-06-15T09:24:52.413174Z",496,"bbox_1035942.png",3.682,"2026-06-15T09:24:52.413174Z"
502,"1","cloudy","2026-06-15T09:24:56.171733Z",497,"bbox_1035950.png",1.414,"2026-06-15T09:24:56.171733Z"
503,"1","cloudy","2026-06-15T09:25:04.658294Z",498,"bbox_1036049.png",6.337,"2026-06-15T09:25:04.658294Z"
504,"1","{""choices"":[""cloudy"",""fog""]}","2026-06-15T09:25:20.751310Z",499,"bbox_1036056.png",14.254,"2026-06-15T09:25:20.751310Z"
505,"1","cloudy","2026-06-15T09:25:27.450918Z",500,"bbox_1036087.png",3.555,"2026-06-15T09:25:27.450918Z"
506,"1","cloudy","2026-06-15T09:25:31.939231Z",501,"bbox_1036088.png",2.698,"2026-06-15T09:25:31.940231Z"
507,"1","cloudy","2026-06-15T09:25:51.502857Z",502,"bbox_1036102.png",16.378,"2026-06-15T09:25:51.502857Z"
508,"1","cloudy","2026-06-15T09:25:58.873393Z",503,"bbox_1036103.png",3.508,"2026-06-15T09:25:58.873393Z"
509,"1","cloudy","2026-06-15T09:26:05.172959Z",504,"bbox_1036104.png",2.298,"2026-06-15T09:26:05.172959Z"
510,"1","cloudy","2026-06-15T09:26:09.514484Z",505,"bbox_1036105.png",2.137,"2026-06-15T09:26:09.514484Z"
511,"1","cloudy","2026-06-15T09:26:15.596123Z",506,"bbox_1036111.png",3.147,"2026-06-15T09:26:15.596123Z"
512,"1","cloudy","2026-06-15T09:26:22.633309Z",507,"bbox_1036130.png",3.039,"2026-06-15T09:26:22.633309Z"
513,"1","cloudy","2026-06-15T09:26:28.799188Z",508,"bbox_1036131.png",2.027,"2026-06-15T09:26:28.799188Z"
514,"1","cloudy","2026-06-15T09:26:33.157738Z",509,"bbox_1036132.png",2.41,"2026-06-15T09:26:33.157738Z"
515,"1","cloudy","2026-06-15T09:26:37.597548Z",510,"bbox_1036134.png",1.861,"2026-06-15T09:26:37.597548Z"
516,"1","cloudy","2026-06-15T09:26:43.051852Z",511,"bbox_1036137.png",2.835,"2026-06-15T09:26:43.052850Z"
517,"1","clear","2026-06-15T09:26:47.863978Z",512,"bbox_1036141.png",3.136,"2026-06-15T09:26:47.863978Z"
518,"1","clear","2026-06-15T09:26:54.335349Z",513,"bbox_1036143.png",4.426,"2026-06-15T09:26:54.335349Z"
519,"1","clear","2026-06-15T09:26:59.954368Z",514,"bbox_1036145.png",3.276,"2026-06-15T09:26:59.954368Z"
520,"1","clear","2026-06-15T09:27:04.792418Z",515,"bbox_1036146.png",2.571,"2026-06-15T09:27:04.792418Z"
521,"1","clear","2026-06-15T09:27:09.429640Z",516,"bbox_1036148.png",2.962,"2026-06-15T09:27:09.429640Z"
522,"1","{""choices"":[""cloudy"",""fog""]}","2026-06-15T09:27:17.702909Z",517,"bbox_1036157.png",5.882,"2026-06-15T09:27:17.702909Z"
523,"1","{""choices"":[""cloudy"",""fog""]}","2026-06-15T09:27:22.960397Z",518,"bbox_1036158.png",2.985,"2026-06-15T09:27:22.961397Z"
524,"1","{""choices"":[""cloudy"",""fog""]}","2026-06-15T09:27:31.592707Z",519,"bbox_1036159.png",5.254,"2026-06-15T09:27:31.592707Z"
525,"1","{""choices"":[""cloudy"",""fog""]}","2026-06-15T09:27:37.410367Z",520,"bbox_1036160.png",3.029,"2026-06-15T09:27:37.411374Z"
526,"1","cloudy","2026-06-15T09:27:44.996486Z",521,"bbox_1036162.png",4.779,"2026-06-15T09:27:44.996486Z"
527,"1","cloudy","2026-06-15T09:27:49.631353Z",522,"bbox_1036163.png",1.833,"2026-06-15T09:27:49.631353Z"
528,"1","cloudy","2026-06-15T09:27:54.235658Z",523,"bbox_1036164.png",1.744,"2026-06-15T09:27:54.235658Z"
529,"1","cloudy","2026-06-15T09:27:59.120718Z",524,"bbox_1036165.png",2.689,"2026-06-15T09:27:59.121718Z"
530,"1","cloudy","2026-06-15T09:28:03.830566Z",525,"bbox_1036178.png",2.334,"2026-06-15T09:28:03.830566Z"
532,"1","cloudy","2026-06-15T09:28:26.252048Z",526,"bbox_1036186.png",2.8,"2026-06-15T09:28:26.252048Z"
533,"1","cloudy","2026-06-15T09:28:43.056155Z",527,"bbox_1036187.png",4.047,"2026-06-15T09:28:43.056155Z"
534,"1","cloudy","2026-06-15T09:28:48.350864Z",528,"bbox_1036188.png",3.037,"2026-06-15T09:28:48.350864Z"
535,"1","cloudy","2026-06-15T09:28:55.495169Z",529,"bbox_1036189.png",2.075,"2026-06-15T09:28:55.495169Z"
536,"1","cloudy","2026-06-15T09:29:00.215371Z",530,"bbox_1036190.png",2.394,"2026-06-15T09:29:00.215371Z"
537,"1","cloudy","2026-06-15T09:29:06.026202Z",531,"bbox_1036199.png",3.648,"2026-06-15T09:29:06.026202Z"
538,"1","cloudy","2026-06-15T09:29:10.616045Z",532,"bbox_1036200.png",2.352,"2026-06-15T09:29:10.616045Z"
539,"1","cloudy","2026-06-15T09:29:16.334506Z",533,"bbox_1036201.png",3.199,"2026-06-15T09:29:16.334506Z"
540,"1","cloudy","2026-06-15T09:29:22.343488Z",534,"bbox_1036202.png",3.202,"2026-06-15T09:29:22.343488Z"
541,"1","cloudy","2026-06-15T09:29:28.473200Z",535,"bbox_1036203.png",3.648,"2026-06-15T09:29:28.473200Z"
542,"1","cloudy","2026-06-15T09:29:34.899039Z",536,"bbox_1036216.png",3.539,"2026-06-15T09:29:34.899039Z"
543,"1","cloudy","2026-06-15T09:29:39.617105Z",537,"bbox_1036229.png",2.462,"2026-06-15T09:29:39.617105Z"
544,"1","cloudy","2026-06-15T09:29:45.065010Z",538,"bbox_1036230.png",2.83,"2026-06-15T09:29:45.065010Z"
545,"1","cloudy","2026-06-15T09:30:04.480023Z",539,"bbox_1036236.png",16.129,"2026-06-15T09:30:04.480023Z"
546,"1","clear","2026-06-15T09:30:09.650368Z",540,"bbox_1036240.png",3.062,"2026-06-15T09:30:09.651367Z"
547,"1","clear","2026-06-15T09:30:14.378552Z",541,"bbox_1036241.png",2.706,"2026-06-15T09:30:14.378552Z"
548,"1","{""choices"":[""cloudy"",""fog""]}","2026-06-15T09:30:21.243881Z",542,"bbox_1036244.png",4.723,"2026-06-15T09:30:21.243881Z"
549,"1","{""choices"":[""cloudy"",""fog""]}","2026-06-15T09:30:28.430989Z",543,"bbox_1036245.png",4.699,"2026-06-15T09:30:28.430989Z"
550,"1","clear","2026-06-15T09:31:08.091069Z",544,"bbox_1036250.png",36.513,"2026-06-15T09:31:08.091069Z"
551,"1","clear","2026-06-15T09:31:13.693754Z",545,"bbox_1036251.png",3.039,"2026-06-15T09:31:13.693754Z"
552,"1","cloudy","2026-06-15T09:31:18.898240Z",546,"bbox_1036270.png",3.355,"2026-06-15T09:31:18.898240Z"
553,"1","cloudy","2026-06-15T09:31:22.793294Z",547,"bbox_1036272.png",2.096,"2026-06-15T09:31:22.793294Z"
554,"1","clear","2026-06-15T09:31:35.131123Z",548,"bbox_1036273.png",6.69,"2026-06-15T09:31:35.131123Z"
555,"1","clear","2026-06-15T09:31:41.884116Z",549,"bbox_1036275.png",4.804,"2026-06-15T09:31:41.884116Z"
556,"1","clear","2026-06-15T09:31:46.913538Z",550,"bbox_1036281.png",3.052,"2026-06-15T09:31:46.913538Z"
557,"1","{""choices"":[""overcast"",""snow""]}","2026-06-15T09:31:59.169855Z",551,"bbox_1036285.png",9.855,"2026-06-15T09:31:59.169855Z"
558,"1","cloudy","2026-06-15T09:32:10.922531Z",552,"bbox_1036291.png",8.522,"2026-06-15T09:32:10.922531Z"
559,"1","cloudy","2026-06-15T09:32:17.359202Z",553,"bbox_1036298.png",2.907,"2026-06-15T09:32:17.359202Z"
